bug_id,source_path
Closure_1,src/com/google/javascript/jscomp/RemoveUnusedVars.java
Closure_2,src/com/google/javascript/jscomp/TypeCheck.java
Closure_3,src/com/google/javascript/jscomp/FlowSensitiveInlineVariables.java
Closure_4,src/com/google/javascript/rhino/jstype/NamedType.java
Closure_5,src/com/google/javascript/jscomp/InlineObjectLiterals.java
Closure_6,src/com/google/javascript/jscomp/TypeValidator.java
Closure_7,src/com/google/javascript/jscomp/type/ChainableReverseAbstractInterpreter.java
Closure_8,src/com/google/javascript/jscomp/CollapseVariableDeclarations.java
Closure_9,src/com/google/javascript/jscomp/ProcessCommonJSModules.java
Closure_10,src/com/google/javascript/jscomp/NodeUtil.java
Closure_11,src/com/google/javascript/jscomp/TypeCheck.java
Closure_12,src/com/google/javascript/jscomp/MaybeReachingVariableUse.java
Closure_13,src/com/google/javascript/jscomp/PeepholeOptimizationsPass.java
Closure_14,src/com/google/javascript/jscomp/ControlFlowAnalysis.java
Closure_15,src/com/google/javascript/jscomp/FlowSensitiveInlineVariables.java
Closure_16,src/com/google/javascript/jscomp/ScopedAliases.java
Closure_17,src/com/google/javascript/jscomp/TypedScopeCreator.java
Closure_18,src/com/google/javascript/jscomp/Compiler.java
Closure_19,src/com/google/javascript/jscomp/type/ChainableReverseAbstractInterpreter.java
Closure_20,src/com/google/javascript/jscomp/PeepholeSubstituteAlternateSyntax.java
Closure_21,src/com/google/javascript/jscomp/CheckSideEffects.java
Closure_22,src/com/google/javascript/jscomp/CheckSideEffects.java
Closure_23,src/com/google/javascript/jscomp/PeepholeFoldConstants.java
Closure_24,src/com/google/javascript/jscomp/ScopedAliases.java
Closure_25,src/com/google/javascript/jscomp/TypeInference.java
Closure_26,src/com/google/javascript/jscomp/ProcessCommonJSModules.java
Closure_27,src/com/google/javascript/rhino/IR.java
Closure_28,src/com/google/javascript/jscomp/InlineCostEstimator.java
Closure_29,src/com/google/javascript/jscomp/InlineObjectLiterals.java
Closure_30,src/com/google/javascript/jscomp/FlowSensitiveInlineVariables.java
Closure_31,src/com/google/javascript/jscomp/Compiler.java
Closure_32,src/com/google/javascript/jscomp/parsing/JsDocInfoParser.java
Closure_33,src/com/google/javascript/rhino/jstype/PrototypeObjectType.java
Closure_34,src/com/google/javascript/jscomp/CodeGenerator.java
Closure_35,src/com/google/javascript/jscomp/TypeInference.java
Closure_36,src/com/google/javascript/jscomp/InlineVariables.java
Closure_37,src/com/google/javascript/jscomp/NodeTraversal.java
Closure_38,src/com/google/javascript/jscomp/CodeConsumer.java
Closure_39,src/com/google/javascript/rhino/jstype/PrototypeObjectType.java
Closure_40,src/com/google/javascript/jscomp/NameAnalyzer.java
Closure_41,src/com/google/javascript/jscomp/FunctionTypeBuilder.java
Closure_42,src/com/google/javascript/jscomp/parsing/IRFactory.java
Closure_43,src/com/google/javascript/jscomp/TypedScopeCreator.java
Closure_44,src/com/google/javascript/jscomp/CodeConsumer.java
Closure_45,src/com/google/javascript/jscomp/RemoveUnusedVars.java
Closure_46,src/com/google/javascript/rhino/jstype/RecordType.java
Closure_47,src/com/google/debugging/sourcemap/SourceMapConsumerV3.java
Closure_48,src/com/google/javascript/jscomp/TypedScopeCreator.java
Closure_49,src/com/google/javascript/jscomp/MakeDeclaredNamesUnique.java
Closure_50,src/com/google/javascript/jscomp/PeepholeReplaceKnownMethods.java
Closure_51,src/com/google/javascript/jscomp/CodeConsumer.java
Closure_52,src/com/google/javascript/jscomp/CodeGenerator.java
Closure_53,src/com/google/javascript/jscomp/InlineObjectLiterals.java
Closure_54,src/com/google/javascript/jscomp/TypedScopeCreator.java
Closure_55,src/com/google/javascript/jscomp/FunctionRewriter.java
Closure_56,src/com/google/javascript/jscomp/SourceFile.java
Closure_57,src/com/google/javascript/jscomp/ClosureCodingConvention.java
Closure_58,src/com/google/javascript/jscomp/LiveVariablesAnalysis.java
Closure_59,src/com/google/javascript/jscomp/Compiler.java
Closure_60,src/com/google/javascript/jscomp/NodeUtil.java
Closure_61,src/com/google/javascript/jscomp/NodeUtil.java
Closure_62,src/com/google/javascript/jscomp/LightweightMessageFormatter.java
Closure_64,src/com/google/javascript/jscomp/Compiler.java
Closure_65,src/com/google/javascript/jscomp/CodeGenerator.java
Closure_66,src/com/google/javascript/jscomp/TypeCheck.java
Closure_67,src/com/google/javascript/jscomp/AnalyzePrototypeProperties.java
Closure_68,src/com/google/javascript/jscomp/parsing/JsDocInfoParser.java
Closure_69,src/com/google/javascript/jscomp/TypeCheck.java
Closure_70,src/com/google/javascript/jscomp/TypedScopeCreator.java
Closure_71,src/com/google/javascript/jscomp/CheckAccessControls.java
Closure_72,src/com/google/javascript/jscomp/FunctionToBlockMutator.java
Closure_73,src/com/google/javascript/jscomp/CodeGenerator.java
Closure_74,src/com/google/javascript/jscomp/PeepholeFoldConstants.java
Closure_75,src/com/google/javascript/jscomp/NodeUtil.java
Closure_76,src/com/google/javascript/jscomp/DeadAssignmentsElimination.java
Closure_77,src/com/google/javascript/jscomp/CodeGenerator.java
Closure_78,src/com/google/javascript/jscomp/PeepholeFoldConstants.java
Closure_79,src/com/google/javascript/jscomp/Normalize.java
Closure_80,src/com/google/javascript/jscomp/NodeUtil.java
Closure_81,src/com/google/javascript/jscomp/parsing/IRFactory.java
Closure_82,src/com/google/javascript/rhino/jstype/JSType.java
Closure_83,src/com/google/javascript/jscomp/CommandLineRunner.java
Closure_84,src/com/google/javascript/jscomp/parsing/IRFactory.java
Closure_85,src/com/google/javascript/jscomp/UnreachableCodeElimination.java
Closure_86,src/com/google/javascript/jscomp/NodeUtil.java
Closure_87,src/com/google/javascript/jscomp/PeepholeSubstituteAlternateSyntax.java
Closure_88,src/com/google/javascript/jscomp/DeadAssignmentsElimination.java
Closure_89,src/com/google/javascript/jscomp/CollapseProperties.java
Closure_90,src/com/google/javascript/jscomp/FunctionTypeBuilder.java
Closure_91,src/com/google/javascript/jscomp/CheckGlobalThis.java
Closure_92,src/com/google/javascript/jscomp/ProcessClosurePrimitives.java
Closure_94,src/com/google/javascript/jscomp/NodeUtil.java
Closure_95,src/com/google/javascript/jscomp/TypedScopeCreator.java
Closure_96,src/com/google/javascript/jscomp/TypeCheck.java
Closure_97,src/com/google/javascript/jscomp/PeepholeFoldConstants.java
Closure_98,src/com/google/javascript/jscomp/ReferenceCollectingCallback.java
Closure_99,src/com/google/javascript/jscomp/CheckGlobalThis.java
Closure_100,src/com/google/javascript/jscomp/CheckGlobalThis.java
Closure_101,src/com/google/javascript/jscomp/CommandLineRunner.java
Closure_102,src/com/google/javascript/jscomp/Normalize.java
Closure_103,src/com/google/javascript/jscomp/ControlFlowAnalysis.java
Closure_104,src/com/google/javascript/rhino/jstype/UnionType.java
Closure_105,src/com/google/javascript/jscomp/FoldConstants.java
Closure_106,src/com/google/javascript/jscomp/GlobalNamespace.java
Closure_107,src/com/google/javascript/jscomp/CommandLineRunner.java
Closure_108,src/com/google/javascript/jscomp/ScopedAliases.java
Closure_109,src/com/google/javascript/jscomp/parsing/JsDocInfoParser.java
Closure_110,src/com/google/javascript/jscomp/ScopedAliases.java
Closure_111,src/com/google/javascript/jscomp/type/ClosureReverseAbstractInterpreter.java
Closure_112,src/com/google/javascript/jscomp/TypeInference.java
Closure_113,src/com/google/javascript/jscomp/ProcessClosurePrimitives.java
Closure_114,src/com/google/javascript/jscomp/NameAnalyzer.java
Closure_115,src/com/google/javascript/jscomp/FunctionInjector.java
Closure_116,src/com/google/javascript/jscomp/FunctionInjector.java
Closure_117,src/com/google/javascript/jscomp/TypeValidator.java
Closure_118,src/com/google/javascript/jscomp/DisambiguateProperties.java
Closure_119,src/com/google/javascript/jscomp/GlobalNamespace.java
Closure_120,src/com/google/javascript/jscomp/ReferenceCollectingCallback.java
Closure_121,src/com/google/javascript/jscomp/InlineVariables.java
Closure_122,src/com/google/javascript/jscomp/parsing/IRFactory.java
Closure_123,src/com/google/javascript/jscomp/CodeGenerator.java
Closure_124,src/com/google/javascript/jscomp/ExploitAssigns.java
Closure_125,src/com/google/javascript/jscomp/TypeCheck.java
Closure_126,src/com/google/javascript/jscomp/MinimizeExitPoints.java
Closure_127,src/com/google/javascript/jscomp/UnreachableCodeElimination.java
Closure_128,src/com/google/javascript/jscomp/CodeGenerator.java
Closure_129,src/com/google/javascript/jscomp/PrepareAst.java
Closure_130,src/com/google/javascript/jscomp/CollapseProperties.java
Closure_131,src/com/google/javascript/rhino/TokenStream.java
Closure_132,src/com/google/javascript/jscomp/PeepholeSubstituteAlternateSyntax.java
Closure_133,src/com/google/javascript/jscomp/parsing/JsDocInfoParser.java
Closure_134,src/com/google/javascript/jscomp/AmbiguateProperties.java
Closure_135,src/com/google/javascript/jscomp/DevirtualizePrototypeMethods.java
Closure_136,src/com/google/javascript/jscomp/MethodCompilerPass.java
Closure_137,src/com/google/javascript/jscomp/MakeDeclaredNamesUnique.java
Closure_138,src/com/google/javascript/jscomp/ClosureReverseAbstractInterpreter.java
Closure_139,src/com/google/javascript/jscomp/Normalize.java
Closure_140,src/com/google/javascript/jscomp/Compiler.java
Closure_141,src/com/google/javascript/jscomp/NodeUtil.java
Closure_142,src/com/google/javascript/jscomp/CoalesceVariableNames.java
Closure_143,src/com/google/javascript/jscomp/AbstractCommandLineRunner.java
Closure_144,src/com/google/javascript/jscomp/FunctionTypeBuilder.java
Closure_145,src/com/google/javascript/jscomp/CodeGenerator.java
Closure_146,src/com/google/javascript/rhino/jstype/JSType.java
Closure_147,src/com/google/javascript/jscomp/CheckGlobalThis.java
Closure_148,src/com/google/javascript/jscomp/PeepholeFoldConstants.java
Closure_149,src/com/google/javascript/jscomp/AbstractCommandLineRunner.java
Closure_150,src/com/google/javascript/jscomp/TypedScopeCreator.java
Closure_151,src/com/google/javascript/jscomp/CommandLineRunner.java
Closure_152,src/com/google/javascript/rhino/jstype/FunctionType.java
Closure_153,src/com/google/javascript/jscomp/Normalize.java
Closure_154,src/com/google/javascript/jscomp/TypeCheck.java
Closure_155,src/com/google/javascript/jscomp/InlineVariables.java
Closure_156,src/com/google/javascript/jscomp/CollapseProperties.java
Closure_157,src/com/google/javascript/jscomp/CodeGenerator.java
Closure_158,src/com/google/javascript/jscomp/AbstractCommandLineRunner.java
Closure_159,src/com/google/javascript/jscomp/InlineFunctions.java
Closure_160,src/com/google/javascript/jscomp/Compiler.java
Closure_161,src/com/google/javascript/jscomp/PeepholeFoldConstants.java
Closure_162,src/com/google/javascript/jscomp/Scope.java
Closure_163,src/com/google/javascript/jscomp/AnalyzePrototypeProperties.java
Closure_164,src/com/google/javascript/rhino/jstype/ArrowType.java
Closure_165,src/com/google/javascript/rhino/jstype/JSTypeRegistry.java
Closure_166,src/com/google/javascript/rhino/jstype/PrototypeObjectType.java
Closure_167,src/com/google/javascript/jscomp/type/SemanticReverseAbstractInterpreter.java
Closure_168,src/com/google/javascript/jscomp/TypedScopeCreator.java
Closure_169,src/com/google/javascript/rhino/jstype/ArrowType.java
Closure_170,src/com/google/javascript/jscomp/FlowSensitiveInlineVariables.java
Closure_171,src/com/google/javascript/jscomp/TypeInference.java
Closure_172,src/com/google/javascript/jscomp/TypedScopeCreator.java
Closure_173,src/com/google/javascript/jscomp/CodeGenerator.java
Closure_174,src/com/google/javascript/jscomp/JsAst.java
Closure_175,src/com/google/javascript/jscomp/FunctionInjector.java
Closure_176,src/com/google/javascript/jscomp/TypeInference.java
Compress_1,src/main/java/org/apache/commons/compress/archivers/cpio/CpioArchiveOutputStream.java
Compress_2,src/main/java/org/apache/commons/compress/archivers/ar/ArArchiveInputStream.java
Compress_3,src/main/java/org/apache/commons/compress/archivers/tar/TarArchiveOutputStream.java
Compress_4,src/main/java/org/apache/commons/compress/archivers/cpio/CpioArchiveOutputStream.java
Compress_5,src/main/java/org/apache/commons/compress/archivers/zip/ZipArchiveInputStream.java
Compress_6,src/main/java/org/apache/commons/compress/archivers/zip/ZipArchiveEntry.java
Compress_7,src/main/java/org/apache/commons/compress/archivers/tar/TarUtils.java
Compress_8,src/main/java/org/apache/commons/compress/archivers/tar/TarUtils.java
Compress_9,src/main/java/org/apache/commons/compress/archivers/tar/TarArchiveOutputStream.java
Compress_10,src/main/java/org/apache/commons/compress/archivers/zip/ZipFile.java
Compress_11,src/main/java/org/apache/commons/compress/archivers/ArchiveStreamFactory.java
Compress_12,src/main/java/org/apache/commons/compress/archivers/tar/TarArchiveInputStream.java
Compress_13,src/main/java/org/apache/commons/compress/archivers/zip/ZipArchiveEntry.java
Compress_14,src/main/java/org/apache/commons/compress/archivers/tar/TarUtils.java
Compress_15,src/main/java/org/apache/commons/compress/archivers/zip/ZipArchiveEntry.java
Compress_16,src/main/java/org/apache/commons/compress/archivers/ArchiveStreamFactory.java
Compress_17,src/main/java/org/apache/commons/compress/archivers/tar/TarUtils.java
Compress_18,src/main/java/org/apache/commons/compress/archivers/tar/TarArchiveOutputStream.java
Compress_19,src/main/java/org/apache/commons/compress/archivers/zip/Zip64ExtendedInformationExtraField.java
Compress_20,src/main/java/org/apache/commons/compress/archivers/cpio/CpioArchiveInputStream.java
Compress_21,src/main/java/org/apache/commons/compress/archivers/sevenz/SevenZOutputFile.java
Compress_22,src/main/java/org/apache/commons/compress/compressors/bzip2/BZip2CompressorInputStream.java
Compress_23,src/main/java/org/apache/commons/compress/archivers/sevenz/Coders.java
Compress_24,src/main/java/org/apache/commons/compress/archivers/tar/TarUtils.java
Compress_25,src/main/java/org/apache/commons/compress/archivers/zip/ZipArchiveInputStream.java
Compress_26,src/main/java/org/apache/commons/compress/utils/IOUtils.java
Compress_27,src/main/java/org/apache/commons/compress/archivers/tar/TarUtils.java
Compress_28,src/main/java/org/apache/commons/compress/archivers/tar/TarArchiveInputStream.java
Compress_29,src/main/java/org/apache/commons/compress/archivers/ArchiveStreamFactory.java
Compress_30,src/main/java/org/apache/commons/compress/compressors/bzip2/BZip2CompressorInputStream.java
Compress_31,src/main/java/org/apache/commons/compress/archivers/tar/TarUtils.java
Compress_32,src/main/java/org/apache/commons/compress/archivers/tar/TarArchiveInputStream.java
Compress_33,src/main/java/org/apache/commons/compress/compressors/CompressorStreamFactory.java
Compress_34,src/main/java/org/apache/commons/compress/archivers/zip/X7875_NewUnix.java
Compress_35,src/main/java/org/apache/commons/compress/archivers/tar/TarUtils.java
Compress_36,src/main/java/org/apache/commons/compress/archivers/sevenz/SevenZFile.java
Compress_37,src/main/java/org/apache/commons/compress/archivers/tar/TarArchiveInputStream.java
Compress_38,src/main/java/org/apache/commons/compress/archivers/tar/TarArchiveEntry.java
Compress_39,src/main/java/org/apache/commons/compress/utils/ArchiveUtils.java
Compress_40,src/main/java/org/apache/commons/compress/utils/BitInputStream.java
Compress_41,src/main/java/org/apache/commons/compress/archivers/zip/ZipArchiveInputStream.java
Compress_42,src/main/java/org/apache/commons/compress/archivers/zip/UnixStat.java
Compress_43,src/main/java/org/apache/commons/compress/archivers/zip/ZipArchiveOutputStream.java
Compress_44,src/main/java/org/apache/commons/compress/utils/ChecksumCalculatingInputStream.java
Compress_45,src/main/java/org/apache/commons/compress/archivers/tar/TarUtils.java
Compress_46,src/main/java/org/apache/commons/compress/archivers/zip/X5455_ExtendedTimestamp.java
Compress_47,src/main/java/org/apache/commons/compress/archivers/zip/ZipArchiveInputStream.java
JacksonCore_1,src/main/java/com/fasterxml/jackson/core/io/NumberInput.java
JacksonCore_2,src/main/java/com/fasterxml/jackson/core/json/ReaderBasedJsonParser.java
JacksonCore_3,src/main/java/com/fasterxml/jackson/core/json/UTF8StreamJsonParser.java
JacksonCore_4,src/main/java/com/fasterxml/jackson/core/util/TextBuffer.java
JacksonCore_5,src/main/java/com/fasterxml/jackson/core/JsonPointer.java
JacksonCore_6,src/main/java/com/fasterxml/jackson/core/JsonPointer.java
JacksonCore_7,src/main/java/com/fasterxml/jackson/core/json/JsonWriteContext.java
JacksonCore_8,src/main/java/com/fasterxml/jackson/core/util/TextBuffer.java
JacksonCore_9,src/main/java/com/fasterxml/jackson/core/base/ParserMinimalBase.java
JacksonCore_10,src/main/java/com/fasterxml/jackson/core/sym/ByteQuadsCanonicalizer.java
JacksonCore_11,src/main/java/com/fasterxml/jackson/core/sym/ByteQuadsCanonicalizer.java
JacksonCore_12,src/main/java/com/fasterxml/jackson/core/json/ReaderBasedJsonParser.java
JacksonCore_13,src/main/java/com/fasterxml/jackson/core/json/JsonGeneratorImpl.java
JacksonCore_14,src/main/java/com/fasterxml/jackson/core/io/IOContext.java
JacksonCore_15,src/main/java/com/fasterxml/jackson/core/filter/FilteringParserDelegate.java
JacksonCore_16,src/main/java/com/fasterxml/jackson/core/util/JsonParserSequence.java
JacksonCore_17,src/main/java/com/fasterxml/jackson/core/json/UTF8JsonGenerator.java
JacksonCore_18,src/main/java/com/fasterxml/jackson/core/base/GeneratorBase.java
JacksonCore_19,src/main/java/com/fasterxml/jackson/core/json/ReaderBasedJsonParser.java
JacksonCore_20,src/main/java/com/fasterxml/jackson/core/JsonGenerator.java
JacksonCore_21,src/main/java/com/fasterxml/jackson/core/filter/FilteringParserDelegate.java
JacksonCore_22,src/main/java/com/fasterxml/jackson/core/filter/FilteringParserDelegate.java
JacksonCore_23,src/main/java/com/fasterxml/jackson/core/util/DefaultPrettyPrinter.java
JacksonCore_24,src/main/java/com/fasterxml/jackson/core/base/ParserBase.java
JacksonCore_25,src/main/java/com/fasterxml/jackson/core/json/ReaderBasedJsonParser.java
JacksonCore_26,src/main/java/com/fasterxml/jackson/core/json/async/NonBlockingJsonParser.java
JacksonDatabind_1,src/main/java/com/fasterxml/jackson/databind/ser/BeanPropertyWriter.java
JacksonDatabind_2,src/main/java/com/fasterxml/jackson/databind/util/TokenBuffer.java
JacksonDatabind_3,src/main/java/com/fasterxml/jackson/databind/deser/std/StringArrayDeserializer.java
JacksonDatabind_4,src/main/java/com/fasterxml/jackson/databind/deser/std/StringArrayDeserializer.java
JacksonDatabind_5,src/main/java/com/fasterxml/jackson/databind/introspect/AnnotatedClass.java
JacksonDatabind_6,src/main/java/com/fasterxml/jackson/databind/util/StdDateFormat.java
JacksonDatabind_7,src/main/java/com/fasterxml/jackson/databind/util/TokenBuffer.java
JacksonDatabind_8,src/main/java/com/fasterxml/jackson/databind/deser/impl/CreatorCollector.java
JacksonDatabind_9,src/main/java/com/fasterxml/jackson/databind/ser/std/StdKeySerializer.java
JacksonDatabind_10,src/main/java/com/fasterxml/jackson/databind/ser/AnyGetterWriter.java
JacksonDatabind_11,src/main/java/com/fasterxml/jackson/databind/type/TypeFactory.java
JacksonDatabind_12,src/main/java/com/fasterxml/jackson/databind/deser/std/MapDeserializer.java
JacksonDatabind_13,src/main/java/com/fasterxml/jackson/databind/deser/DefaultDeserializationContext.java
JacksonDatabind_14,src/main/java/com/fasterxml/jackson/databind/ObjectReader.java
JacksonDatabind_15,src/main/java/com/fasterxml/jackson/databind/JavaType.java
JacksonDatabind_16,src/main/java/com/fasterxml/jackson/databind/introspect/AnnotationMap.java
JacksonDatabind_17,src/main/java/com/fasterxml/jackson/databind/ObjectMapper.java
JacksonDatabind_18,src/main/java/com/fasterxml/jackson/databind/MappingIterator.java
JacksonDatabind_19,src/main/java/com/fasterxml/jackson/databind/type/TypeFactory.java
JacksonDatabind_20,src/main/java/com/fasterxml/jackson/databind/node/ObjectNode.java
JacksonDatabind_21,src/main/java/com/fasterxml/jackson/databind/introspect/JacksonAnnotationIntrospector.java
JacksonDatabind_22,src/main/java/com/fasterxml/jackson/databind/ser/BasicSerializerFactory.java
JacksonDatabind_23,src/main/java/com/fasterxml/jackson/databind/ser/std/NumberSerializers.java
JacksonDatabind_24,src/main/java/com/fasterxml/jackson/databind/cfg/BaseSettings.java
JacksonDatabind_25,src/main/java/com/fasterxml/jackson/databind/deser/BasicDeserializerFactory.java
JacksonDatabind_26,src/main/java/com/fasterxml/jackson/databind/ser/BeanPropertyWriter.java
JacksonDatabind_27,src/main/java/com/fasterxml/jackson/databind/deser/BeanDeserializer.java
JacksonDatabind_28,src/main/java/com/fasterxml/jackson/databind/deser/std/JsonNodeDeserializer.java
JacksonDatabind_29,src/main/java/com/fasterxml/jackson/databind/deser/impl/ExternalTypeHandler.java
JacksonDatabind_30,src/main/java/com/fasterxml/jackson/databind/ObjectMapper.java
JacksonDatabind_31,src/main/java/com/fasterxml/jackson/databind/util/TokenBuffer.java
JacksonDatabind_32,src/main/java/com/fasterxml/jackson/databind/deser/std/UntypedObjectDeserializer.java
JacksonDatabind_33,src/main/java/com/fasterxml/jackson/databind/introspect/JacksonAnnotationIntrospector.java
JacksonDatabind_34,src/main/java/com/fasterxml/jackson/databind/ser/std/NumberSerializer.java
JacksonDatabind_35,src/main/java/com/fasterxml/jackson/databind/jsontype/impl/AsWrapperTypeDeserializer.java
JacksonDatabind_36,src/main/java/com/fasterxml/jackson/databind/util/StdDateFormat.java
JacksonDatabind_37,src/main/java/com/fasterxml/jackson/databind/type/SimpleType.java
JacksonDatabind_38,src/main/java/com/fasterxml/jackson/databind/type/CollectionType.java
JacksonDatabind_39,src/main/java/com/fasterxml/jackson/databind/deser/std/NullifyingDeserializer.java
JacksonDatabind_40,src/main/java/com/fasterxml/jackson/databind/deser/std/NumberDeserializers.java
JacksonDatabind_41,src/main/java/com/fasterxml/jackson/databind/type/TypeFactory.java
JacksonDatabind_42,src/main/java/com/fasterxml/jackson/databind/deser/std/FromStringDeserializer.java
JacksonDatabind_43,src/main/java/com/fasterxml/jackson/databind/deser/impl/ObjectIdValueProperty.java
JacksonDatabind_44,src/main/java/com/fasterxml/jackson/databind/type/SimpleType.java
JacksonDatabind_45,src/main/java/com/fasterxml/jackson/databind/ser/std/DateTimeSerializerBase.java
JacksonDatabind_46,src/main/java/com/fasterxml/jackson/databind/type/ReferenceType.java
JacksonDatabind_47,src/main/java/com/fasterxml/jackson/databind/AnnotationIntrospector.java
JacksonDatabind_48,src/main/java/com/fasterxml/jackson/databind/DeserializationConfig.java
JacksonDatabind_49,src/main/java/com/fasterxml/jackson/databind/ser/impl/WritableObjectId.java
JacksonDatabind_50,src/main/java/com/fasterxml/jackson/databind/deser/BeanDeserializer.java
JacksonDatabind_51,src/main/java/com/fasterxml/jackson/databind/jsontype/impl/TypeDeserializerBase.java
JacksonDatabind_52,src/main/java/com/fasterxml/jackson/databind/deser/BeanDeserializerBase.java
JacksonDatabind_53,src/main/java/com/fasterxml/jackson/databind/type/TypeBindings.java
JacksonDatabind_54,src/main/java/com/fasterxml/jackson/databind/ser/PropertyBuilder.java
JacksonDatabind_55,src/main/java/com/fasterxml/jackson/databind/ser/std/StdKeySerializers.java
JacksonDatabind_56,src/main/java/com/fasterxml/jackson/databind/deser/std/FromStringDeserializer.java
JacksonDatabind_57,src/main/java/com/fasterxml/jackson/databind/ObjectReader.java
JacksonDatabind_58,src/main/java/com/fasterxml/jackson/databind/deser/BeanDeserializerFactory.java
JacksonDatabind_59,src/main/java/com/fasterxml/jackson/databind/JavaType.java
JacksonDatabind_60,src/main/java/com/fasterxml/jackson/databind/ser/std/JsonValueSerializer.java
JacksonDatabind_61,src/main/java/com/fasterxml/jackson/databind/ObjectMapper.java
JacksonDatabind_62,src/main/java/com/fasterxml/jackson/databind/deser/std/CollectionDeserializer.java
JacksonDatabind_63,src/main/java/com/fasterxml/jackson/databind/JsonMappingException.java
JacksonDatabind_64,src/main/java/com/fasterxml/jackson/databind/ser/PropertyBuilder.java
JacksonDatabind_66,src/main/java/com/fasterxml/jackson/databind/deser/std/StdKeyDeserializer.java
JacksonDatabind_67,src/main/java/com/fasterxml/jackson/databind/deser/BasicDeserializerFactory.java
JacksonDatabind_68,src/main/java/com/fasterxml/jackson/databind/deser/BeanDeserializerBase.java
JacksonDatabind_69,src/main/java/com/fasterxml/jackson/databind/deser/impl/CreatorCollector.java
JacksonDatabind_70,src/main/java/com/fasterxml/jackson/databind/deser/impl/BeanPropertyMap.java
JacksonDatabind_71,src/main/java/com/fasterxml/jackson/databind/deser/std/StdKeyDeserializer.java
JacksonDatabind_72,src/main/java/com/fasterxml/jackson/databind/deser/impl/InnerClassProperty.java
JacksonDatabind_73,src/main/java/com/fasterxml/jackson/databind/introspect/POJOPropertiesCollector.java
JacksonDatabind_74,src/main/java/com/fasterxml/jackson/databind/jsontype/impl/AsPropertyTypeDeserializer.java
JacksonDatabind_75,src/main/java/com/fasterxml/jackson/databind/ser/std/EnumSerializer.java
JacksonDatabind_76,src/main/java/com/fasterxml/jackson/databind/deser/BuilderBasedDeserializer.java
JacksonDatabind_77,src/main/java/com/fasterxml/jackson/databind/deser/BeanDeserializerFactory.java
JacksonDatabind_78,src/main/java/com/fasterxml/jackson/databind/deser/BeanDeserializerFactory.java
JacksonDatabind_79,src/main/java/com/fasterxml/jackson/databind/introspect/JacksonAnnotationIntrospector.java
JacksonDatabind_80,src/main/java/com/fasterxml/jackson/databind/jsontype/impl/StdSubtypeResolver.java
JacksonDatabind_81,src/main/java/com/fasterxml/jackson/databind/introspect/JacksonAnnotationIntrospector.java
JacksonDatabind_82,src/main/java/com/fasterxml/jackson/databind/deser/BeanDeserializerFactory.java
JacksonDatabind_83,src/main/java/com/fasterxml/jackson/databind/deser/std/FromStringDeserializer.java
JacksonDatabind_84,src/main/java/com/fasterxml/jackson/databind/type/ResolvedRecursiveType.java
JacksonDatabind_85,src/main/java/com/fasterxml/jackson/databind/ser/std/DateTimeSerializerBase.java
JacksonDatabind_86,src/main/java/com/fasterxml/jackson/databind/type/ResolvedRecursiveType.java
JacksonDatabind_87,src/main/java/com/fasterxml/jackson/databind/util/StdDateFormat.java
JacksonDatabind_88,src/main/java/com/fasterxml/jackson/databind/jsontype/impl/ClassNameIdResolver.java
JacksonDatabind_90,src/main/java/com/fasterxml/jackson/databind/deser/ValueInstantiator.java
JacksonDatabind_91,src/main/java/com/fasterxml/jackson/databind/deser/DeserializerCache.java
JacksonDatabind_92,src/main/java/com/fasterxml/jackson/databind/deser/BeanDeserializerFactory.java
JacksonDatabind_93,src/main/java/com/fasterxml/jackson/databind/jsontype/impl/SubTypeValidator.java
JacksonDatabind_94,src/main/java/com/fasterxml/jackson/databind/jsontype/impl/SubTypeValidator.java
JacksonDatabind_95,src/main/java/com/fasterxml/jackson/databind/type/TypeFactory.java
JacksonDatabind_96,src/main/java/com/fasterxml/jackson/databind/deser/BasicDeserializerFactory.java
JacksonDatabind_97,src/main/java/com/fasterxml/jackson/databind/node/POJONode.java
JacksonDatabind_98,src/main/java/com/fasterxml/jackson/databind/deser/impl/ExternalTypeHandler.java
JacksonDatabind_99,src/main/java/com/fasterxml/jackson/databind/type/ReferenceType.java
JacksonDatabind_100,src/main/java/com/fasterxml/jackson/databind/node/TreeTraversingParser.java
JacksonDatabind_101,src/main/java/com/fasterxml/jackson/databind/deser/BeanDeserializer.java
JacksonDatabind_102,src/main/java/com/fasterxml/jackson/databind/ser/std/DateTimeSerializerBase.java
JacksonDatabind_103,src/main/java/com/fasterxml/jackson/databind/DatabindContext.java
JacksonDatabind_104,src/main/java/com/fasterxml/jackson/databind/util/StdDateFormat.java
JacksonDatabind_105,src/main/java/com/fasterxml/jackson/databind/deser/std/JdkDeserializers.java
JacksonDatabind_106,src/main/java/com/fasterxml/jackson/databind/node/TreeTraversingParser.java
JacksonDatabind_107,src/main/java/com/fasterxml/jackson/databind/jsontype/impl/TypeDeserializerBase.java
JacksonDatabind_108,src/main/java/com/fasterxml/jackson/databind/ObjectReader.java
JacksonDatabind_109,src/main/java/com/fasterxml/jackson/databind/ser/std/NumberSerializer.java
JacksonDatabind_110,src/main/java/com/fasterxml/jackson/databind/deser/impl/JavaUtilCollectionsDeserializers.java
JacksonDatabind_111,src/main/java/com/fasterxml/jackson/databind/deser/CreatorProperty.java
JacksonDatabind_112,src/main/java/com/fasterxml/jackson/databind/deser/std/StringCollectionDeserializer.java
Gson_1,gson/src/main/java/com/google/gson/TypeInfoFactory.java
Gson_2,gson/src/main/java/com/google/gson/internal/bind/TypeAdapters.java
Gson_3,gson/src/main/java/com/google/gson/internal/ConstructorConstructor.java
Gson_4,gson/src/main/java/com/google/gson/stream/JsonReader.java
Gson_5,gson/src/main/java/com/google/gson/internal/bind/util/ISO8601Utils.java
Gson_6,gson/src/main/java/com/google/gson/internal/bind/JsonAdapterAnnotationTypeAdapterFactory.java
Gson_7,gson/src/main/java/com/google/gson/stream/JsonReader.java
Gson_8,gson/src/main/java/com/google/gson/internal/UnsafeAllocator.java
Gson_9,gson/src/main/java/com/google/gson/internal/bind/JsonTreeWriter.java
Gson_10,gson/src/main/java/com/google/gson/internal/bind/ReflectiveTypeAdapterFactory.java
Gson_11,gson/src/main/java/com/google/gson/internal/bind/TypeAdapters.java
Gson_12,gson/src/main/java/com/google/gson/internal/bind/JsonTreeReader.java
Gson_13,gson/src/main/java/com/google/gson/stream/JsonReader.java
Gson_14,gson/src/main/java/com/google/gson/internal/$Gson$Types.java
Gson_15,gson/src/main/java/com/google/gson/stream/JsonWriter.java
Gson_16,gson/src/main/java/com/google/gson/internal/$Gson$Types.java
Gson_17,gson/src/main/java/com/google/gson/DefaultDateTypeAdapter.java
Gson_18,gson/src/main/java/com/google/gson/internal/$Gson$Types.java
JacksonXml_1,src/main/java/com/fasterxml/jackson/dataformat/xml/deser/FromXmlParser.java
JacksonXml_2,src/main/java/com/fasterxml/jackson/dataformat/xml/deser/XmlTokenStream.java
JacksonXml_3,src/main/java/com/fasterxml/jackson/dataformat/xml/deser/FromXmlParser.java
JacksonXml_4,src/main/java/com/fasterxml/jackson/dataformat/xml/ser/XmlSerializerProvider.java
JacksonXml_5,src/main/java/com/fasterxml/jackson/dataformat/xml/ser/XmlSerializerProvider.java
JacksonXml_6,src/main/java/com/fasterxml/jackson/dataformat/xml/ser/ToXmlGenerator.java
Codec_1,src/java/org/apache/commons/codec/language/Caverphone.java
Codec_2,src/java/org/apache/commons/codec/binary/Base64.java
Codec_3,src/java/org/apache/commons/codec/language/DoubleMetaphone.java
Codec_4,src/java/org/apache/commons/codec/binary/Base64.java
Codec_5,src/java/org/apache/commons/codec/binary/Base64.java
Codec_6,src/java/org/apache/commons/codec/binary/Base64InputStream.java
Codec_7,src/java/org/apache/commons/codec/binary/Base64.java
Codec_8,src/java/org/apache/commons/codec/binary/Base64.java
Codec_9,src/java/org/apache/commons/codec/binary/Base64.java
Codec_10,src/java/org/apache/commons/codec/language/Caverphone.java
Codec_11,src/main/java/org/apache/commons/codec/net/QuotedPrintableCodec.java
Codec_12,src/main/java/org/apache/commons/codec/binary/BaseNCodecInputStream.java
Codec_13,src/main/java/org/apache/commons/codec/binary/CharSequenceUtils.java
Codec_14,src/main/java/org/apache/commons/codec/language/bm/Lang.java
Codec_15,src/main/java/org/apache/commons/codec/language/Soundex.java
Codec_16,src/main/java/org/apache/commons/codec/binary/Base32.java
Codec_17,src/main/java/org/apache/commons/codec/binary/StringUtils.java
Codec_18,src/main/java/org/apache/commons/codec/binary/StringUtils.java
Chart_1,source/org/jfree/chart/renderer/category/AbstractCategoryItemRenderer.java
Chart_2,source/org/jfree/data/general/DatasetUtilities.java
Chart_3,source/org/jfree/data/time/TimeSeries.java
Chart_4,source/org/jfree/chart/plot/XYPlot.java
Chart_5,source/org/jfree/data/xy/XYSeries.java
Chart_6,source/org/jfree/chart/util/ShapeList.java
Chart_7,source/org/jfree/data/time/TimePeriodValues.java
Chart_8,source/org/jfree/data/time/Week.java
Chart_9,source/org/jfree/data/time/TimeSeries.java
Chart_10,source/org/jfree/chart/imagemap/StandardToolTipTagFragmentGenerator.java
Chart_11,source/org/jfree/chart/util/ShapeUtilities.java
Chart_12,source/org/jfree/chart/plot/MultiplePiePlot.java
Chart_13,source/org/jfree/chart/block/BorderArrangement.java
Chart_14,source/org/jfree/chart/plot/CategoryPlot.java
Chart_15,source/org/jfree/chart/plot/PiePlot.java
Chart_16,source/org/jfree/data/category/DefaultIntervalCategoryDataset.java
Chart_17,source/org/jfree/data/time/TimeSeries.java
Chart_18,source/org/jfree/data/DefaultKeyedValues.java
Chart_19,source/org/jfree/chart/plot/CategoryPlot.java
Chart_20,source/org/jfree/chart/plot/ValueMarker.java
Chart_21,source/org/jfree/data/statistics/DefaultBoxAndWhiskerCategoryDataset.java
Chart_22,source/org/jfree/data/KeyedObjects2D.java
Chart_23,source/org/jfree/chart/renderer/category/MinMaxCategoryRenderer.java
Chart_24,source/org/jfree/chart/renderer/GrayPaintScale.java
Chart_25,source/org/jfree/chart/renderer/category/StatisticalBarRenderer.java
Chart_26,source/org/jfree/chart/axis/Axis.java
Cli_1,src/java/org/apache/commons/cli/CommandLine.java
Cli_2,src/java/org/apache/commons/cli/PosixParser.java
Cli_3,src/java/org/apache/commons/cli/TypeHandler.java
Cli_4,src/java/org/apache/commons/cli/Parser.java
Cli_5,src/java/org/apache/commons/cli/Util.java
Cli_7,src/java/org/apache/commons/cli2/builder/PatternBuilder.java
Cli_8,src/java/org/apache/commons/cli/HelpFormatter.java
Cli_9,src/java/org/apache/commons/cli/Parser.java
Cli_10,src/java/org/apache/commons/cli/Parser.java
Cli_11,src/java/org/apache/commons/cli/HelpFormatter.java
Cli_12,src/java/org/apache/commons/cli/GnuParser.java
Cli_13,src/java/org/apache/commons/cli2/WriteableCommandLine.java
Cli_14,src/java/org/apache/commons/cli2/option/GroupImpl.java
Cli_15,src/java/org/apache/commons/cli2/commandline/WriteableCommandLineImpl.java
Cli_16,src/java/org/apache/commons/cli2/Option.java
Cli_17,src/java/org/apache/commons/cli/PosixParser.java
Cli_18,src/java/org/apache/commons/cli/PosixParser.java
Cli_19,src/java/org/apache/commons/cli/PosixParser.java
Cli_20,src/java/org/apache/commons/cli/PosixParser.java
Cli_21,src/java/org/apache/commons/cli2/WriteableCommandLine.java
Cli_22,src/java/org/apache/commons/cli/PosixParser.java
Cli_23,src/java/org/apache/commons/cli/HelpFormatter.java
Cli_24,src/java/org/apache/commons/cli/HelpFormatter.java
Cli_25,src/java/org/apache/commons/cli/HelpFormatter.java
Cli_26,src/java/org/apache/commons/cli/OptionBuilder.java
Cli_27,src/java/org/apache/commons/cli/OptionGroup.java
Cli_28,src/java/org/apache/commons/cli/Parser.java
Cli_29,src/java/org/apache/commons/cli/Util.java
Cli_30,src/main/java/org/apache/commons/cli/DefaultParser.java
Cli_31,src/main/java/org/apache/commons/cli/HelpFormatter.java
Cli_32,src/main/java/org/apache/commons/cli/HelpFormatter.java
Cli_33,src/main/java/org/apache/commons/cli/HelpFormatter.java
Cli_34,src/main/java/org/apache/commons/cli/Option.java
Cli_35,src/main/java/org/apache/commons/cli/Options.java
Cli_36,src/main/java/org/apache/commons/cli/OptionGroup.java
Cli_37,src/main/java/org/apache/commons/cli/DefaultParser.java
Cli_38,src/main/java/org/apache/commons/cli/DefaultParser.java
Cli_39,src/main/java/org/apache/commons/cli/TypeHandler.java
Cli_40,src/main/java/org/apache/commons/cli/TypeHandler.java
Math_1,src/main/java/org/apache/commons/math3/fraction/BigFraction.java
Math_2,src/main/java/org/apache/commons/math3/distribution/HypergeometricDistribution.java
Math_3,src/main/java/org/apache/commons/math3/util/MathArrays.java
Math_4,src/main/java/org/apache/commons/math3/geometry/euclidean/threed/SubLine.java
Math_5,src/main/java/org/apache/commons/math3/complex/Complex.java
Math_6,src/main/java/org/apache/commons/math3/optim/BaseOptimizer.java
Math_7,src/main/java/org/apache/commons/math3/ode/AbstractIntegrator.java
Math_8,src/main/java/org/apache/commons/math3/distribution/DiscreteDistribution.java
Math_9,src/main/java/org/apache/commons/math3/geometry/euclidean/threed/Line.java
Math_10,src/main/java/org/apache/commons/math3/analysis/differentiation/DSCompiler.java
Math_11,src/main/java/org/apache/commons/math3/distribution/MultivariateNormalDistribution.java
Math_12,src/main/java/org/apache/commons/math3/random/BitsStreamGenerator.java
Math_13,src/main/java/org/apache/commons/math3/optimization/general/AbstractLeastSquaresOptimizer.java
Math_14,src/main/java/org/apache/commons/math3/optim/nonlinear/vector/jacobian/AbstractLeastSquaresOptimizer.java
Math_15,src/main/java/org/apache/commons/math3/util/FastMath.java
Math_16,src/main/java/org/apache/commons/math3/util/FastMath.java
Math_17,src/main/java/org/apache/commons/math3/dfp/Dfp.java
Math_18,src/main/java/org/apache/commons/math3/optimization/direct/CMAESOptimizer.java
Math_19,src/main/java/org/apache/commons/math3/optimization/direct/CMAESOptimizer.java
Math_20,src/main/java/org/apache/commons/math3/optimization/direct/CMAESOptimizer.java
Math_21,src/main/java/org/apache/commons/math3/linear/RectangularCholeskyDecomposition.java
Math_22,src/main/java/org/apache/commons/math3/distribution/FDistribution.java
Math_23,src/main/java/org/apache/commons/math3/optimization/univariate/BrentOptimizer.java
Math_24,src/main/java/org/apache/commons/math3/optimization/univariate/BrentOptimizer.java
Math_25,src/main/java/org/apache/commons/math3/optimization/fitting/HarmonicFitter.java
Math_26,src/main/java/org/apache/commons/math3/fraction/Fraction.java
Math_27,src/main/java/org/apache/commons/math3/fraction/Fraction.java
Math_28,src/main/java/org/apache/commons/math3/optimization/linear/SimplexSolver.java
Math_29,src/main/java/org/apache/commons/math3/linear/OpenMapRealVector.java
Math_30,src/main/java/org/apache/commons/math3/stat/inference/MannWhitneyUTest.java
Math_31,src/main/java/org/apache/commons/math3/util/ContinuedFraction.java
Math_32,src/main/java/org/apache/commons/math3/geometry/euclidean/twod/PolygonsSet.java
Math_33,src/main/java/org/apache/commons/math3/optimization/linear/SimplexTableau.java
Math_34,src/main/java/org/apache/commons/math3/genetics/ListPopulation.java
Math_35,src/main/java/org/apache/commons/math3/genetics/ElitisticListPopulation.java
Math_36,src/main/java/org/apache/commons/math/fraction/BigFraction.java
Math_37,src/main/java/org/apache/commons/math/complex/Complex.java
Math_38,src/main/java/org/apache/commons/math/optimization/direct/BOBYQAOptimizer.java
Math_39,src/main/java/org/apache/commons/math/ode/nonstiff/EmbeddedRungeKuttaIntegrator.java
Math_40,src/main/java/org/apache/commons/math/analysis/solvers/BracketingNthOrderBrentSolver.java
Math_41,src/main/java/org/apache/commons/math/stat/descriptive/moment/Variance.java
Math_42,src/main/java/org/apache/commons/math/optimization/linear/SimplexTableau.java
Math_43,src/main/java/org/apache/commons/math/stat/descriptive/SummaryStatistics.java
Math_44,src/main/java/org/apache/commons/math/ode/AbstractIntegrator.java
Math_45,src/main/java/org/apache/commons/math/linear/OpenMapRealMatrix.java
Math_46,src/main/java/org/apache/commons/math/complex/Complex.java
Math_47,src/main/java/org/apache/commons/math/complex/Complex.java
Math_48,src/main/java/org/apache/commons/math/analysis/solvers/BaseSecantSolver.java
Math_49,src/main/java/org/apache/commons/math/linear/OpenMapRealVector.java
Math_50,src/main/java/org/apache/commons/math/analysis/solvers/BaseSecantSolver.java
Math_51,src/main/java/org/apache/commons/math/analysis/solvers/BaseSecantSolver.java
Math_52,src/main/java/org/apache/commons/math/geometry/euclidean/threed/Rotation.java
Math_53,src/main/java/org/apache/commons/math/complex/Complex.java
Math_54,src/main/java/org/apache/commons/math/dfp/Dfp.java
Math_55,src/main/java/org/apache/commons/math/geometry/Vector3D.java
Math_56,src/main/java/org/apache/commons/math/util/MultidimensionalCounter.java
Math_57,src/main/java/org/apache/commons/math/stat/clustering/KMeansPlusPlusClusterer.java
Math_58,src/main/java/org/apache/commons/math/optimization/fitting/GaussianFitter.java
Math_59,src/main/java/org/apache/commons/math/util/FastMath.java
Math_60,src/main/java/org/apache/commons/math/distribution/NormalDistributionImpl.java
Math_61,src/main/java/org/apache/commons/math/distribution/PoissonDistributionImpl.java
Math_62,src/main/java/org/apache/commons/math/optimization/univariate/MultiStartUnivariateRealOptimizer.java
Math_63,src/main/java/org/apache/commons/math/util/MathUtils.java
Math_64,src/main/java/org/apache/commons/math/optimization/general/LevenbergMarquardtOptimizer.java
Math_65,src/main/java/org/apache/commons/math/optimization/general/AbstractLeastSquaresOptimizer.java
Math_66,src/main/java/org/apache/commons/math/optimization/univariate/BrentOptimizer.java
Math_67,src/main/java/org/apache/commons/math/optimization/MultiStartUnivariateRealOptimizer.java
Math_68,src/main/java/org/apache/commons/math/optimization/general/LevenbergMarquardtOptimizer.java
Math_69,src/main/java/org/apache/commons/math/stat/correlation/PearsonsCorrelation.java
Math_70,src/main/java/org/apache/commons/math/analysis/solvers/BisectionSolver.java
Math_71,src/main/java/org/apache/commons/math/ode/nonstiff/EmbeddedRungeKuttaIntegrator.java
Math_72,src/main/java/org/apache/commons/math/analysis/solvers/BrentSolver.java
Math_73,src/main/java/org/apache/commons/math/analysis/solvers/BrentSolver.java
Math_74,src/main/java/org/apache/commons/math/ode/nonstiff/EmbeddedRungeKuttaIntegrator.java
Math_75,src/main/java/org/apache/commons/math/stat/Frequency.java
Math_76,src/main/java/org/apache/commons/math/linear/SingularValueDecompositionImpl.java
Math_77,src/main/java/org/apache/commons/math/linear/ArrayRealVector.java
Math_78,src/main/java/org/apache/commons/math/ode/events/EventState.java
Math_79,src/main/java/org/apache/commons/math/util/MathUtils.java
Math_80,src/main/java/org/apache/commons/math/linear/EigenDecompositionImpl.java
Math_81,src/main/java/org/apache/commons/math/linear/EigenDecompositionImpl.java
Math_82,src/main/java/org/apache/commons/math/optimization/linear/SimplexSolver.java
Math_83,src/main/java/org/apache/commons/math/optimization/linear/SimplexTableau.java
Math_84,src/main/java/org/apache/commons/math/optimization/direct/MultiDirectional.java
Math_85,src/java/org/apache/commons/math/analysis/solvers/UnivariateRealSolverUtils.java
Math_86,src/java/org/apache/commons/math/linear/CholeskyDecompositionImpl.java
Math_87,src/java/org/apache/commons/math/optimization/linear/SimplexTableau.java
Math_88,src/java/org/apache/commons/math/optimization/linear/SimplexTableau.java
Math_89,src/java/org/apache/commons/math/stat/Frequency.java
Math_90,src/java/org/apache/commons/math/stat/Frequency.java
Math_91,src/java/org/apache/commons/math/fraction/Fraction.java
Math_92,src/java/org/apache/commons/math/util/MathUtils.java
Math_93,src/java/org/apache/commons/math/util/MathUtils.java
Math_94,src/java/org/apache/commons/math/util/MathUtils.java
Math_95,src/java/org/apache/commons/math/distribution/FDistributionImpl.java
Math_96,src/java/org/apache/commons/math/complex/Complex.java
Math_97,src/java/org/apache/commons/math/analysis/BrentSolver.java
Math_98,src/java/org/apache/commons/math/linear/BigMatrixImpl.java
Math_99,src/java/org/apache/commons/math/util/MathUtils.java
Math_100,src/java/org/apache/commons/math/estimation/AbstractEstimator.java
Math_101,src/java/org/apache/commons/math/complex/ComplexFormat.java
Math_102,src/java/org/apache/commons/math/stat/inference/ChiSquareTestImpl.java
Math_103,src/java/org/apache/commons/math/distribution/NormalDistributionImpl.java
Math_104,src/java/org/apache/commons/math/special/Gamma.java
Math_105,src/java/org/apache/commons/math/stat/regression/SimpleRegression.java
Math_106,src/java/org/apache/commons/math/fraction/ProperFractionFormat.java
Time_1,src/main/java/org/joda/time/field/UnsupportedDurationField.java
Time_2,src/main/java/org/joda/time/field/UnsupportedDurationField.java
Time_3,src/main/java/org/joda/time/MutableDateTime.java
Time_4,src/main/java/org/joda/time/Partial.java
Time_5,src/main/java/org/joda/time/Period.java
Time_6,src/main/java/org/joda/time/chrono/GJChronology.java
Time_7,src/main/java/org/joda/time/format/DateTimeFormatter.java
Time_8,src/main/java/org/joda/time/DateTimeZone.java
Time_9,src/main/java/org/joda/time/DateTimeZone.java
Time_10,src/main/java/org/joda/time/base/BaseSingleFieldPeriod.java
Time_11,src/main/java/org/joda/time/tz/ZoneInfoCompiler.java
Time_12,src/main/java/org/joda/time/LocalDate.java
Time_13,src/main/java/org/joda/time/format/PeriodFormatterBuilder.java
Time_14,src/main/java/org/joda/time/chrono/BasicMonthOfYearDateTimeField.java
Time_15,src/main/java/org/joda/time/field/FieldUtils.java
Time_16,src/main/java/org/joda/time/format/DateTimeFormatter.java
Time_17,src/main/java/org/joda/time/DateTimeZone.java
Time_18,src/main/java/org/joda/time/chrono/GJChronology.java
Time_19,src/main/java/org/joda/time/DateTimeZone.java
Time_20,src/main/java/org/joda/time/format/DateTimeFormatterBuilder.java
Time_22,src/main/java/org/joda/time/base/BasePeriod.java
Time_23,src/main/java/org/joda/time/DateTimeZone.java
Time_24,src/main/java/org/joda/time/format/DateTimeParserBucket.java
Time_25,src/main/java/org/joda/time/DateTimeZone.java
Time_26,src/main/java/org/joda/time/chrono/ZonedChronology.java
Time_27,src/main/java/org/joda/time/format/PeriodFormatterBuilder.java
Lang_1,src/main/java/org/apache/commons/lang3/math/NumberUtils.java
Lang_3,src/main/java/org/apache/commons/lang3/math/NumberUtils.java
Lang_4,src/main/java/org/apache/commons/lang3/text/translate/LookupTranslator.java
Lang_5,src/main/java/org/apache/commons/lang3/LocaleUtils.java
Lang_6,src/main/java/org/apache/commons/lang3/text/translate/CharSequenceTranslator.java
Lang_7,src/main/java/org/apache/commons/lang3/math/NumberUtils.java
Lang_8,src/main/java/org/apache/commons/lang3/time/FastDatePrinter.java
Lang_9,src/main/java/org/apache/commons/lang3/time/FastDateParser.java
Lang_10,src/main/java/org/apache/commons/lang3/time/FastDateParser.java
Lang_11,src/main/java/org/apache/commons/lang3/RandomStringUtils.java
Lang_12,src/main/java/org/apache/commons/lang3/RandomStringUtils.java
Lang_13,src/main/java/org/apache/commons/lang3/SerializationUtils.java
Lang_14,src/main/java/org/apache/commons/lang3/StringUtils.java
Lang_15,src/main/java/org/apache/commons/lang3/reflect/TypeUtils.java
Lang_16,src/main/java/org/apache/commons/lang3/math/NumberUtils.java
Lang_17,src/main/java/org/apache/commons/lang3/text/translate/CharSequenceTranslator.java
Lang_19,src/main/java/org/apache/commons/lang3/text/translate/NumericEntityUnescaper.java
Lang_20,src/main/java/org/apache/commons/lang3/StringUtils.java
Lang_21,src/main/java/org/apache/commons/lang3/time/DateUtils.java
Lang_22,src/main/java/org/apache/commons/lang3/math/Fraction.java
Lang_23,src/main/java/org/apache/commons/lang3/text/ExtendedMessageFormat.java
Lang_24,src/main/java/org/apache/commons/lang3/math/NumberUtils.java
Lang_26,src/main/java/org/apache/commons/lang3/time/FastDateFormat.java
Lang_27,src/main/java/org/apache/commons/lang3/math/NumberUtils.java
Lang_28,src/main/java/org/apache/commons/lang3/text/translate/NumericEntityUnescaper.java
Lang_29,src/main/java/org/apache/commons/lang3/SystemUtils.java
Lang_30,src/main/java/org/apache/commons/lang3/StringUtils.java
Lang_31,src/main/java/org/apache/commons/lang3/StringUtils.java
Lang_32,src/main/java/org/apache/commons/lang3/builder/HashCodeBuilder.java
Lang_33,src/main/java/org/apache/commons/lang3/ClassUtils.java
Lang_34,src/main/java/org/apache/commons/lang3/builder/ToStringStyle.java
Lang_35,src/main/java/org/apache/commons/lang3/ArrayUtils.java
Lang_36,src/java/org/apache/commons/lang3/math/NumberUtils.java
Lang_37,src/java/org/apache/commons/lang3/ArrayUtils.java
Lang_38,src/java/org/apache/commons/lang3/time/FastDateFormat.java
Lang_39,src/java/org/apache/commons/lang3/StringUtils.java
Lang_40,src/java/org/apache/commons/lang/StringUtils.java
Lang_41,src/java/org/apache/commons/lang/ClassUtils.java
Lang_42,src/java/org/apache/commons/lang/Entities.java
Lang_43,src/java/org/apache/commons/lang/text/ExtendedMessageFormat.java
Lang_44,src/java/org/apache/commons/lang/NumberUtils.java
Lang_45,src/java/org/apache/commons/lang/WordUtils.java
Lang_46,src/java/org/apache/commons/lang/StringEscapeUtils.java
Lang_47,src/java/org/apache/commons/lang/text/StrBuilder.java
Lang_49,src/java/org/apache/commons/lang/math/Fraction.java
Lang_50,src/java/org/apache/commons/lang/time/FastDateFormat.java
Lang_51,src/java/org/apache/commons/lang/BooleanUtils.java
Lang_52,src/java/org/apache/commons/lang/StringEscapeUtils.java
Lang_53,src/java/org/apache/commons/lang/time/DateUtils.java
Lang_54,src/java/org/apache/commons/lang/LocaleUtils.java
Lang_55,src/java/org/apache/commons/lang/time/StopWatch.java
Lang_56,src/java/org/apache/commons/lang/time/FastDateFormat.java
Lang_57,src/java/org/apache/commons/lang/LocaleUtils.java
Lang_58,src/java/org/apache/commons/lang/math/NumberUtils.java
Lang_59,src/java/org/apache/commons/lang/text/StrBuilder.java
Lang_60,src/java/org/apache/commons/lang/text/StrBuilder.java
Lang_61,src/java/org/apache/commons/lang/text/StrBuilder.java
Lang_62,src/java/org/apache/commons/lang/Entities.java
Lang_63,src/java/org/apache/commons/lang/time/DurationFormatUtils.java
Lang_64,src/java/org/apache/commons/lang/enums/ValuedEnum.java
Lang_65,src/java/org/apache/commons/lang/time/DateUtils.java
Jsoup_1,src/main/java/org/jsoup/nodes/Document.java
Jsoup_2,src/main/java/org/jsoup/parser/Parser.java
Jsoup_3,src/main/java/org/jsoup/nodes/Element.java
Jsoup_4,src/main/java/org/jsoup/nodes/Entities.java
Jsoup_5,src/main/java/org/jsoup/parser/Parser.java
Jsoup_6,src/main/java/org/jsoup/nodes/Entities.java
Jsoup_7,src/main/java/org/jsoup/nodes/Document.java
Jsoup_8,src/main/java/org/jsoup/nodes/Node.java
Jsoup_9,src/main/java/org/jsoup/nodes/Entities.java
Jsoup_10,src/main/java/org/jsoup/nodes/Node.java
Jsoup_11,src/main/java/org/jsoup/select/Selector.java
Jsoup_12,src/main/java/org/jsoup/select/Selector.java
Jsoup_13,src/main/java/org/jsoup/nodes/Node.java
Jsoup_14,src/main/java/org/jsoup/parser/Tokeniser.java
Jsoup_15,src/main/java/org/jsoup/parser/TreeBuilderState.java
Jsoup_16,src/main/java/org/jsoup/nodes/DocumentType.java
Jsoup_17,src/main/java/org/jsoup/parser/TreeBuilderState.java
Jsoup_18,src/main/java/org/jsoup/parser/CharacterReader.java
Jsoup_19,src/main/java/org/jsoup/safety/Whitelist.java
Jsoup_20,src/main/java/org/jsoup/helper/DataUtil.java
Jsoup_21,src/main/java/org/jsoup/select/CombiningEvaluator.java
Jsoup_22,src/main/java/org/jsoup/nodes/Element.java
Jsoup_23,src/main/java/org/jsoup/parser/CharacterReader.java
Jsoup_24,src/main/java/org/jsoup/parser/TokeniserState.java
Jsoup_25,src/main/java/org/jsoup/parser/Tag.java
Jsoup_26,src/main/java/org/jsoup/safety/Cleaner.java
Jsoup_27,src/main/java/org/jsoup/helper/DataUtil.java
Jsoup_28,src/main/java/org/jsoup/nodes/Entities.java
Jsoup_29,src/main/java/org/jsoup/nodes/Document.java
Jsoup_30,src/main/java/org/jsoup/safety/Cleaner.java
Jsoup_31,src/main/java/org/jsoup/parser/Token.java
Jsoup_32,src/main/java/org/jsoup/nodes/Element.java
Jsoup_33,src/main/java/org/jsoup/parser/HtmlTreeBuilder.java
Jsoup_34,src/main/java/org/jsoup/parser/CharacterReader.java
Jsoup_35,src/main/java/org/jsoup/parser/HtmlTreeBuilderState.java
Jsoup_36,src/main/java/org/jsoup/helper/DataUtil.java
Jsoup_37,src/main/java/org/jsoup/nodes/Element.java
Jsoup_38,src/main/java/org/jsoup/parser/HtmlTreeBuilderState.java
Jsoup_39,src/main/java/org/jsoup/helper/DataUtil.java
Jsoup_40,src/main/java/org/jsoup/nodes/DocumentType.java
Jsoup_41,src/main/java/org/jsoup/nodes/Element.java
Jsoup_42,src/main/java/org/jsoup/nodes/FormElement.java
Jsoup_43,src/main/java/org/jsoup/nodes/Element.java
Jsoup_44,src/main/java/org/jsoup/parser/TreeBuilder.java
Jsoup_45,src/main/java/org/jsoup/parser/HtmlTreeBuilder.java
Jsoup_46,src/main/java/org/jsoup/nodes/Entities.java
Jsoup_47,src/main/java/org/jsoup/nodes/Entities.java
Jsoup_48,src/main/java/org/jsoup/helper/HttpConnection.java
Jsoup_49,src/main/java/org/jsoup/nodes/Node.java
Jsoup_50,src/main/java/org/jsoup/helper/DataUtil.java
Jsoup_51,src/main/java/org/jsoup/parser/CharacterReader.java
Jsoup_52,src/main/java/org/jsoup/helper/DataUtil.java
Jsoup_53,src/main/java/org/jsoup/parser/TokenQueue.java
Jsoup_54,src/main/java/org/jsoup/helper/W3CDom.java
Jsoup_55,src/main/java/org/jsoup/parser/TokeniserState.java
Jsoup_56,src/main/java/org/jsoup/nodes/DocumentType.java
Jsoup_57,src/main/java/org/jsoup/nodes/Attributes.java
Jsoup_58,src/main/java/org/jsoup/Jsoup.java
Jsoup_59,src/main/java/org/jsoup/parser/Token.java
Jsoup_60,src/main/java/org/jsoup/parser/TokenQueue.java
Jsoup_61,src/main/java/org/jsoup/nodes/Element.java
Jsoup_62,src/main/java/org/jsoup/parser/HtmlTreeBuilderState.java
Jsoup_63,src/main/java/org/jsoup/parser/HtmlTreeBuilder.java
Jsoup_64,src/main/java/org/jsoup/parser/HtmlTreeBuilderState.java
Jsoup_65,src/main/java/org/jsoup/parser/HtmlTreeBuilder.java
Jsoup_66,src/main/java/org/jsoup/nodes/Element.java
Jsoup_67,src/main/java/org/jsoup/parser/HtmlTreeBuilder.java
Jsoup_68,src/main/java/org/jsoup/parser/HtmlTreeBuilder.java
Jsoup_69,src/main/java/org/jsoup/nodes/FormElement.java
Jsoup_70,src/main/java/org/jsoup/nodes/Element.java
Jsoup_71,src/main/java/org/jsoup/nodes/PseudoTextElement.java
Jsoup_72,src/main/java/org/jsoup/parser/CharacterReader.java
Jsoup_73,src/main/java/org/jsoup/helper/W3CDom.java
Jsoup_74,src/main/java/org/jsoup/helper/StringUtil.java
Jsoup_75,src/main/java/org/jsoup/nodes/Attributes.java
Jsoup_76,src/main/java/org/jsoup/parser/HtmlTreeBuilderState.java
Jsoup_77,src/main/java/org/jsoup/parser/XmlTreeBuilder.java
Jsoup_78,src/main/java/org/jsoup/helper/DataUtil.java
Jsoup_79,src/main/java/org/jsoup/nodes/LeafNode.java
Jsoup_80,src/main/java/org/jsoup/parser/XmlTreeBuilder.java
Jsoup_81,src/main/java/org/jsoup/helper/DataUtil.java
Jsoup_82,src/main/java/org/jsoup/helper/DataUtil.java
Jsoup_83,src/main/java/org/jsoup/parser/CharacterReader.java
Jsoup_84,src/main/java/org/jsoup/helper/W3CDom.java
Jsoup_85,src/main/java/org/jsoup/nodes/Attribute.java
Jsoup_86,src/main/java/org/jsoup/nodes/Comment.java
Jsoup_87,src/main/java/org/jsoup/nodes/Element.java
Jsoup_88,src/main/java/org/jsoup/nodes/Attribute.java
Jsoup_89,src/main/java/org/jsoup/nodes/Attribute.java
Jsoup_90,src/main/java/org/jsoup/helper/HttpConnection.java
Jsoup_91,src/main/java/org/jsoup/UncheckedIOException.java
Jsoup_92,src/main/java/org/jsoup/nodes/Attributes.java
Jsoup_93,src/main/java/org/jsoup/nodes/FormElement.java
Csv_1,src/main/java/org/apache/commons/csv/ExtendedBufferedReader.java
Csv_2,src/main/java/org/apache/commons/csv/CSVRecord.java
Csv_3,src/main/java/org/apache/commons/csv/Lexer.java
Csv_4,src/main/java/org/apache/commons/csv/CSVParser.java
Csv_5,src/main/java/org/apache/commons/csv/CSVPrinter.java
Csv_6,src/main/java/org/apache/commons/csv/CSVRecord.java
Csv_7,src/main/java/org/apache/commons/csv/CSVParser.java
Csv_8,src/main/java/org/apache/commons/csv/CSVFormat.java
Csv_9,src/main/java/org/apache/commons/csv/CSVRecord.java
Csv_10,src/main/java/org/apache/commons/csv/CSVPrinter.java
Csv_11,src/main/java/org/apache/commons/csv/CSVParser.java
Csv_12,src/main/java/org/apache/commons/csv/CSVFormat.java
Csv_13,src/main/java/org/apache/commons/csv/CSVFormat.java
Csv_14,src/main/java/org/apache/commons/csv/CSVFormat.java
Csv_15,src/main/java/org/apache/commons/csv/CSVFormat.java
Csv_16,src/main/java/org/apache/commons/csv/CSVParser.java
JxPath_1,src/java/org/apache/commons/jxpath/ri/model/dom/DOMNodePointer.java
JxPath_2,src/java/org/apache/commons/jxpath/ri/compiler/Expression.java
JxPath_3,src/java/org/apache/commons/jxpath/ri/model/beans/NullPropertyPointer.java
JxPath_4,src/java/org/apache/commons/jxpath/ri/model/dom/DOMNodePointer.java
JxPath_5,src/java/org/apache/commons/jxpath/ri/model/NodePointer.java
JxPath_6,src/java/org/apache/commons/jxpath/ri/compiler/CoreOperationCompare.java
JxPath_7,src/java/org/apache/commons/jxpath/ri/compiler/CoreOperationGreaterThan.java
JxPath_8,src/java/org/apache/commons/jxpath/ri/compiler/CoreOperationRelationalExpression.java
JxPath_9,src/java/org/apache/commons/jxpath/ri/compiler/CoreOperationCompare.java
JxPath_10,src/java/org/apache/commons/jxpath/ri/compiler/CoreOperationRelationalExpression.java
JxPath_11,src/java/org/apache/commons/jxpath/ri/model/dom/DOMAttributeIterator.java
JxPath_12,src/java/org/apache/commons/jxpath/ri/model/dom/DOMNodePointer.java
JxPath_13,src/java/org/apache/commons/jxpath/ri/NamespaceResolver.java
JxPath_14,src/java/org/apache/commons/jxpath/ri/compiler/CoreFunction.java
JxPath_15,src/java/org/apache/commons/jxpath/ri/axes/UnionContext.java
JxPath_16,src/java/org/apache/commons/jxpath/ri/model/dom/DOMNodePointer.java
JxPath_17,src/java/org/apache/commons/jxpath/ri/model/dom/DOMAttributeIterator.java
JxPath_18,src/java/org/apache/commons/jxpath/ri/axes/AttributeContext.java
JxPath_19,src/java/org/apache/commons/jxpath/ri/model/dom/DOMNodePointer.java
JxPath_20,src/java/org/apache/commons/jxpath/ri/compiler/CoreOperationRelationalExpression.java
JxPath_21,src/java/org/apache/commons/jxpath/ri/model/beans/PropertyPointer.java
JxPath_22,src/java/org/apache/commons/jxpath/ri/model/dom/DOMNodePointer.java
Mockito_1,src/org/mockito/internal/invocation/InvocationMatcher.java
Mockito_2,src/org/mockito/internal/util/Timer.java
Mockito_3,src/org/mockito/internal/invocation/InvocationMatcher.java
Mockito_4,src/org/mockito/exceptions/Reporter.java
Mockito_5,src/org/mockito/internal/verification/VerificationOverTimeImpl.java
Mockito_6,src/org/mockito/Matchers.java
Mockito_7,src/org/mockito/internal/util/reflection/GenericMetadataSupport.java
Mockito_8,src/org/mockito/internal/util/reflection/GenericMetadataSupport.java
Mockito_9,src/org/mockito/internal/stubbing/answers/CallsRealMethods.java
Mockito_10,src/org/mockito/internal/stubbing/defaultanswers/ReturnsDeepStubs.java
Mockito_11,src/org/mockito/internal/creation/DelegatingMethod.java
Mockito_12,src/org/mockito/internal/util/reflection/GenericMaster.java
Mockito_13,src/org/mockito/internal/MockHandler.java
Mockito_14,src/org/mockito/internal/MockHandler.java
Mockito_15,src/org/mockito/internal/configuration/injection/FinalMockCandidateFilter.java
Mockito_16,src/org/mockito/internal/MockitoCore.java
Mockito_17,src/org/mockito/internal/creation/MockSettingsImpl.java
Mockito_18,src/org/mockito/internal/stubbing/defaultanswers/ReturnsEmptyValues.java
Mockito_19,src/org/mockito/internal/configuration/injection/filter/FinalMockCandidateFilter.java
Mockito_20,src/org/mockito/internal/creation/bytebuddy/ByteBuddyMockMaker.java
Mockito_21,src/org/mockito/internal/creation/instance/ConstructorInstantiator.java
Mockito_22,src/org/mockito/internal/matchers/Equality.java
Mockito_23,src/org/mockito/internal/stubbing/defaultanswers/ReturnsDeepStubs.java
Mockito_24,src/org/mockito/internal/stubbing/defaultanswers/ReturnsEmptyValues.java
Mockito_25,src/org/mockito/internal/stubbing/defaultanswers/ReturnsDeepStubs.java
Mockito_26,src/org/mockito/internal/util/Primitives.java
Mockito_27,src/org/mockito/internal/util/MockUtil.java
Mockito_28,src/org/mockito/internal/configuration/DefaultInjectionEngine.java
Mockito_29,src/org/mockito/internal/matchers/Same.java
Mockito_30,src/org/mockito/exceptions/Reporter.java
Mockito_31,src/org/mockito/internal/stubbing/defaultanswers/ReturnsSmartNulls.java
Mockito_32,src/org/mockito/internal/configuration/SpyAnnotationEngine.java
Mockito_33,src/org/mockito/internal/invocation/InvocationMatcher.java
Mockito_34,src/org/mockito/internal/invocation/InvocationMatcher.java
Mockito_35,src/org/mockito/Matchers.java
Mockito_36,src/org/mockito/internal/invocation/Invocation.java
Mockito_37,src/org/mockito/internal/stubbing/answers/AnswersValidator.java
Mockito_38,src/org/mockito/internal/verification/argumentmatching/ArgumentMatchingTool.java
Collections_1,src/java/org/apache/commons/collections/map/Flat3Map.java
Collections_2,src/java/org/apache/commons/collections/ExtendedProperties.java
Collections_3,src/java/org/apache/commons/collections/CollectionUtils.java
Collections_4,src/java/org/apache/commons/collections/map/MultiValueMap.java
Collections_5,src/java/org/apache/commons/collections/list/SetUniqueList.java
Collections_6,src/java/org/apache/commons/collections/map/Flat3Map.java
Collections_7,src/java/org/apache/commons/collections/ExtendedProperties.java
Collections_8,src/java/org/apache/commons/collections/buffer/UnboundedFifoBuffer.java
Collections_9,src/java/org/apache/commons/collections/ExtendedProperties.java
Collections_10,src/java/org/apache/commons/collections/map/MultiValueMap.java
Collections_11,src/java/org/apache/commons/collections/keyvalue/MultiKey.java
Collections_12,src/java/org/apache/commons/collections/ExtendedProperties.java
Collections_13,src/java/org/apache/commons/collections/ExtendedProperties.java
Collections_14,src/java/org/apache/commons/collections/map/CaseInsensitiveMap.java
Collections_15,src/java/org/apache/commons/collections/list/SetUniqueList.java
Collections_16,src/java/org/apache/commons/collections/list/SetUniqueList.java
Collections_17,src/main/java/org/apache/commons/collections/functors/EqualPredicate.java
Collections_18,src/main/java/org/apache/commons/collections/set/ListOrderedSet.java
Collections_19,src/main/java/org/apache/commons/collections/list/SetUniqueList.java
Collections_20,src/main/java/org/apache/commons/collections/list/TreeList.java
Collections_21,src/main/java/org/apache/commons/collections4/list/SetUniqueList.java
Collections_22,src/main/java/org/apache/commons/collections4/map/ListOrderedMap.java
Collections_23,src/main/java/org/apache/commons/collections4/trie/UnmodifiableTrie.java
Collections_24,src/main/java/org/apache/commons/collections4/collection/UnmodifiableBoundedCollection.java
Collections_25,src/main/java/org/apache/commons/collections4/IteratorUtils.java
Collections_26,src/main/java/org/apache/commons/collections4/keyvalue/MultiKey.java
Collections_27,src/main/java/org/apache/commons/collections4/map/MultiValueMap.java
Collections_28,src/main/java/org/apache/commons/collections4/trie/AbstractPatriciaTrie.java
